0,stack exchange logo,0.39390625,61.957187500000003
1,jeff atwood,0.33640625,7.125
2,,0.78390625,69.313281250000003,No Web-Fonts in Firefox 4.0 beta · Issue #22 · mathjax ... - GitHub,https://github.com/mathjax/MathJax/issues/22,Twitter / codinghorror: Pending feature: instead of ...,https://twitter.com/codinghorror/status/337444361480593408,XGEN Applications (XGENApps) on Twitter,https://twitter.com/XGENApps,Geoff Dalgas (SuperDalgas) on Twitter,https://twitter.com/SuperDalgas,StackExchange (Stack Exchange) · GitHub,https://github.com/StackExchange?tab=members,Front face
3,old salt of the sixth fleet,0.99921875,74.870781249999993
4,joel spolsky,0.91046875,86.837968750000002
5,jon galloway,0.938125,95.078125
9,,0.9975,99.179218750000004,Kevin Dente (kevindente) on Twitter,https://twitter.com/kevindente,kevindente (Kevin Dente) · GitHub,https://github.com/kevindente,Niclas Sahlin (niclassahlin) on Twitter,http://twitter.com/niclassahlin,James Watson (jvswatson) on Twitter,https://twitter.com/jvswatson,Bill Lindsey (blnz) on Twitter,https://twitter.com/blnz
10,sneakers o toole,0.99890625,76.188593749999995
11,,1.0,9.1346875000000001,Sallie Mae is a Nightmare - Windypundit,http://windypundit.com/2007/08/sallie_mae_is_a_nightmare/,An Introduction to Microsoft F# | pdc2008 | Channel 9,http://channel9.msdn.com/Blogs/pdc2008/TL11,About Me | Alan Hooker,http://awhooker.wordpress.com/about/,20 Tips to Help Stay Within Your Holiday Budget | Shrinkage Is Good,http://www.billshrink.com/blog/6229/,Bioshock Infinite – Infinite Privilege | Howtonotsuckatgamedesign.com,http://howtonotsuckatgamedesign.com/?p=9309
13,,0.85703125,116.97765625,Chris Jester-Young (cky944) on Twitter,https://twitter.com/cky944,"Strange Loop 2014, 17th-19th September 2014 | Lanyrd",http://lanyrd.com/2014/strangeloop/,cky (Chris Jester-Young) · GitHub,https://github.com/cky,Front face,Profile face
16,,0.723125,0.0,About Me – Rodrigo Sieiro,http://rodrigo.sharpcube.com/about/,rsieiro/RSOAuthEngine · GitHub,https://github.com/rsieiro/RSOAuthEngine,Rodrigo Sieiro (rsieiro) on Twitter,https://twitter.com/rsieiro,Rodrigo Sieiro (sharpcube) on Twitter,https://twitter.com/sharpcube,"Firefox 4 (Mac), view source feature does not work? | Firefox Support ...",http://support.mozilla.org/questions/802302
17,nick berardi,0.965,52.483593749999997
19,mads kristiansen,0.80640625,102.34156249999999
20,,0.65828125,139.10328125000001,The ProGuide Podcast - Who is a Leader and What is Leadership ...,http://proguide.io/,tommcfarlin (Tom McFarlin) · GitHub,https://github.com/tommcfarlin,John Saddington (saddington) on Twitter,https://twitter.com/saddington,"Tom McFarlin - Articles, Projects, and Resources For Professional ...",http://tommcfarlin.com/,Tuts+ Live Workshops,http://workshops.tutsplus.com/
22,,0.48796875,117.5509375,User maclema - Stack Overflow,http://stackoverflow.com/users/22/maclema,AMFPHP comes before ASSQL but.. | Tiagos Weblog,http://blog.six4rty.ch/2008/07/24/amfphp-comes-before-assql-but/,clearing form history with jQuery | Verious,http://www.verious.com/qa/clearing-form-history-with-jquery/
23,,0.81453125,101.4415625,392 - Questions List - CodeInSpot,http://s311.codeinspot.com/question/392,583 - Questions List - CodeInSpot,http://s212.codeinspot.com/question/583,"MANSFIELD - Raleigh-Durham, North Carolina Area - LinkedIn","http://www.linkedin.com/pub/dir/+/MANSFIELD/us-664-Raleigh-Durham,-North-Carolina-Area/",Jason Mansfield profiles | LinkedIn,http://www.linkedin.com/pub/dir/Jason/Mansfield,Front face
24,,0.93,137.45828125,websocket_client - GitHub,https://github.com/jeremyong/websocket_client/issues/1,"Erlang NYC (New York, NY) - Meetup",http://www.meetup.com/Erlang-NYC/?page_start=1368654926000,sanmiguel (Michael Coles) · GitHub,https://github.com/sanmiguel,cowboy - GitHub,https://github.com/extend/cowboy/issues/539,Waiting List - vim Meetups - London,http://vim.meetup.com/members/gb/17/london/
25,,0.68734375,120.4334375,wysihtml5 - GitHub,https://github.com/xing/wysihtml5/issues/50,No visible @interface for UIImageView declares the selector - GitHub,https://github.com/AFNetworking/AFNetworking/issues/604,Commenting Out Lines In Visual Mode · Issue #195 · jaredpar/VsVim ...,https://github.com/jaredpar/VsVim/issues/195,"BUG: In Insert Mode, Holding Shift And The Down Arrow Key - GitHub",https://github.com/jaredpar/VsVim/issues/193,Uncuts 100 Greatest Debut Albums - Stereogum,http://www.stereogum.com/2877/uncuts_100_greatest_debut_albums/list/,Profile face
27,,0.5825,127.4590625,Marshal C++ struct array into C# | Verious,http://www.verious.com/qa/marshal-c-struct-array-into-c/,"Asp:TextBox and VNI-Times, Vietnamese Text Problem | Verious",http://www.verious.com/qa/asp-text-box-and-vni-times-vietnamese-text-problem/,Casting: (NewType) vs. Object as NewType | Verious,http://www.verious.com/qa/casting-new-type-vs-object-as-new-type/,Marshal C++ struct array into C# - RunCode,http://ma.runcode.us/q/marshal-c-struct-array-into-c
29,,0.9996875,0.37609375,Greatest Hits - Stack Overflow,http://stackoverflow.com/questions/greatest-hits,jQuery CSS Abstraction | CSS-Tricks,http://css-tricks.com/jquery-css-abstraction/,Michael Haren - YouTube,http://www.youtube.com/user/prod110,Thing3 just wants some water,http://www.youtube.com/watch?v=irQuOWnOY7E,Thing1s Ballet Recital,http://www.youtube.com/watch?v=njNj0bV8Aaw,0:47,http://www.youtube.com/watch?v=irQuOWnOY7E,2:14,http://www.youtube.com/watch?v=njNj0bV8Aaw,Automatically Connect to the Replica Set Primary with Mongo Shell,http://blog.wassupy.com/2013/02/automatically-connect-to-replica-set.html,Test for Border-Radius Support - CSS Newbie,http://www.cssnewbie.com/test-for-border-radius-support/,Front face
30,tf2 sprites,0.15703125,14.620468750000001
32,meteor,0.94203125,203.15875
33,,0.86296875,54.737343750000001,We went out in style - More than 1000% funded! - Kickstarter,http://www.kickstarter.com/projects/michaeljsullivan/hollow-world-a-novel-by-michael-j-sullivan/posts/446384,jinkerson1 - YouTube,http://www.youtube.com/user/jinkerson1,inthelittlewoodscrew the nether,http://www.youtube.com/watch?v=H73pxf5Eixo,5:28,http://www.youtube.com/watch?v=Je77xOEcibQ,hot wings,http://www.youtube.com/watch?v=Je77xOEcibQ,Podcast #11 « Blog – Stack Exchange,http://blog.stackoverflow.com/2008/06/podcast-11/,4:07,http://www.youtube.com/watch?v=H73pxf5Eixo,Mine Kafon by Massoud Hassani » Comments — Kickstarter,http://www.kickstarter.com/projects/massoudhassani/mine-kafon/comments?cursor=2098672,Delta Six | Facebook,https://www.facebook.com/DeltaSixController,Front face,Profile face
34,karl seguin,0.9734375,77.631093750000005
35,,0.98078125,139.579375,Home - SharePoint Saturday New Hampshire,http://sharepointsaturday.org/nh/Pages/speakers.aspx,Presentations by Greg Hurlman // Speaker Deck,https://speakerdeck.com/ghurlman,"The Princeton SharePoint User Group (Cranbury, NJ) - Meetup",http://www.princetonsug.com/,ghurlman/EventBrite.WinStore · GitHub,https://github.com/ghurlman/EventBrite.WinStore,Greg Hurlman | LinkedIn,http://www.linkedin.com/in/ghurlman,Front face
36,,0.9396875,54.442656249999999,patHyatt (Patrick Hyatt) · GitHub,https://github.com/patHyatt?tab=activity,Commit History · patHyatt/XmppBot-for-HipChat · GitHub,https://github.com/patHyatt/XmppBot-for-HipChat/commits/master,patHyatt/XmppBot-for-HipChat · GitHub,https://github.com/patHyatt/XmppBot-for-HipChat,API Updates by patHyatt · Pull Request #11 · recurly/recurly-client ...,https://github.com/recurly/recurly-client-net/pull/11
37,,0.741875,94.170000000000002,Why oh why is PHP so  popular? | LinkedIn,http://www.linkedin.com/groups/Why-oh-why-is-PHP-2931633.S.193095044,PHP Abstract Podcast Episode 41: Zend Framework 1.8 | Zend ...,http://devzone.zend.com/1455/php-abstract-podcast-episode-41-zend-framework-18/,Wally Lawless (Wallylawless) on Twitter,https://twitter.com/Wallylawless,Stack Overflow Developer Days Conference « Blog – Stack Exchange,http://blog.stackoverflow.com/2009/05/stack-overflow-developer-days-conference/,Top 5 WordPress Security Tips You Most Likely Dont Follow | Arun ...,http://greatgandhi.wordpress.com/2010/06/21/top-5-wordpress-security-tips-you-most-likely-don%E2%80%99t-follow/,Front face
38,,0.27453125,0.0,Money Management | Tr8dr,http://tr8dr.wordpress.com/2012/09/29/money-management/,Podcast #13 « Blog – Stack Exchange - Blog - Stack Overflow,http://blog.stackoverflow.com/2008/07/podcast-13/,Piggyback: A Social Courier Service on Vimeo,http://vimeo.com/7726917,Designing Read More And Continue Reading Links | Smashing ...,http://www.smashingmagazine.com/2009/07/28/designing-read-more-and-continue-reading-links/,Windows 7 Network Awareness: How Windows knows it has an ...,http://blog.superuser.com/2011/05/16/windows-7-network-awareness/
39,,0.77984375,68.417656249999993,Hüseyin Tüfekçilerli (huseyint) on Twitter,https://twitter.com/huseyint,Koray Parlak (chorei) on Pinterest,http://pinterest.com/chorei/,B207832 - Blinking highlight on toolbar button | DevExpress Support ...,http://www.devexpress.com/Support/Center/Question/Details/B207832,"Hüseyin Tüfekçilerli - İstanbul, Mavituna Security Ltd, Computer ...  - me",http://about.me/huseyin,Hüseyin Tüfekçilerli (huseyint) on Pinterest,http://pinterest.com/huseyint/,Front face
40,,0.45890625,31.800625,Vote Fraud and You « Blog – Stack Exchange - Blog - Stack Overflow,http://blog.stackoverflow.com/2008/12/vote-fraud-and-you/,"Gravatars, Identicons, and You « Blog – Stack Exchange",http://blog.stackoverflow.com/2008/06/gravatars-identicons-and-you/,kdeloach (Kevin) · GitHub,https://github.com/kdeloach,Logo Design Contest « Blog – Stack Exchange - Blog - Stack Overflow,http://blog.stackoverflow.com/2008/04/logo-design-contest/,Stack Overflow Badge Feedback « Blog – Stack Exchange,http://blog.stackoverflow.com/2008/07/stack-overflow-badge-feedbac/
42,,0.71609375,150.26921874999999,Reputation and Historical Archives « Blog – Stack Exchange,http://blog.stackoverflow.com/2012/03/reputation-and-historical-archives/,Authlogic/OpenID Authentication Fails · Issue #2 · markbates ...,https://github.com/markbates/warp_drive/issues/2,Groovy / Gradle improvements within IntelliJ · Issue #68 ... - GitHub,https://github.com/MovingBlocks/Terasology/issues/68,Terasology - GitHub,https://github.com/MovingBlocks/Terasology/issues/191,MovingBlocks (Moving Blocks!) · GitHub,https://github.com/MovingBlocks?tab=members
43,,0.90328125,57.626249999999999,Topics  ,http://www.zujava.com/topics,Twitter / RoryMacKinnon: Theres nothing I enjoy more ...,https://twitter.com/RoryMacKinnon/status/278548444166107137,TheWeeklyDrop: The best Drupal news and links delivered to your ...,http://theweeklydrop.com/,Justin Emond (justinpemond) on Twitter,https://twitter.com/justinpemond,Zujava Community Tips,http://www.zujava.com/topics/zujava-community-tips,Twitter / spolsky: Trello uses  an icon font for ...,https://twitter.com/spolsky/status/297062166404689920,FAQ - Zujava,http://www.zujava.com/faq,Front face
44,,0.851875,99.901250000000005,tgrochowicz/Generic-Nav · GitHub,https://github.com/tgrochowicz/Generic-Nav,Tom Grochowicz (tgrochowicz) on Twitter,https://twitter.com/tgrochowicz,tgrochowicz (Tom Grochowicz) · GitHub,https://github.com/tgrochowicz?tab=activity,tgrochowicz/Tomodoro · GitHub,https://github.com/tgrochowicz/Tomodoro,Profile face
45,running shoes,0.97046875,14.14671875
46,,0.8703125,91.524531249999995,Fastest way to find common items across multiple lists in C# | Verious,http://www.verious.com/qa/fastest-way-to-find-common-items-across-multiple-lists-in-c/,Looking for examples of quot;realquot; uses of ... - Verious,http://www.verious.com/qa/looking-for-examples-of-quot-real-quot-uses-of-continuations/,Free OCR library | Verious,http://www.verious.com/qa/free-ocr-library/,Why doesnt ZIP Compression compress anything? - RunCode,http://wh.runcode.us/q/why-doesn-t-zip-compression-compress-anything,Front face
48,,0.94484375,72.548749999999998,wibblymat/ld23 · GitHub,https://github.com/wibblymat/ld23,image paths in js files are not rewritten as part of the build · Issue ...,https://github.com/yeoman/yeoman/issues/822,wibblymat (Mat Scales) · GitHub,https://github.com/wibblymat,"Mat Scales Level 3, 787 points - MetaBright",http://www.metabright.com/matscales,wibblymat/styleguru · GitHub,https://github.com/wibblymat/styleguru
49,,0.69546875,94.286249999999995,you must get it,http://youmustget.com/,LeonBambrick.com,http://leonbambrick.com/,Robert Wagner (droyad) on Twitter,https://twitter.com/droyad,Leon Bambrick (secretGeek) on Twitter,https://twitter.com/secretGeek,Scott Mitchell (ScottOnWriting) on Twitter,https://twitter.com/ScottOnWriting,Front face,Profile face
50,,0.95203125,88.498281250000005,helloandre/cr48 · GitHub,https://github.com/helloandre/cr48,Maxim Kerstens (practicalDemon) on Twitter,https://twitter.com/practicalDemon,Welcome screen always opens · Issue #2479 · owncloud/core · GitHub,https://github.com/owncloud/core/issues/2479,Andre Bluehs (helloandre) on Twitter,https://twitter.com/helloandre,helloandre (Andre Bluehs) · GitHub,https://github.com/helloandre,Front face
51,,0.8303125,51.516249999999999,Yaakov - Newsvine,http://yaakov.newsvine.com/,yellis (Yaakov Ellis) ·  GitHub,https://github.com/yellis,About - Ellis Web Development,http://ellisweb.net/about/,Yaakov Ellis (Yaakov) on Twitter,https://twitter.com/Yaakov,@Yaakov/apps on Twitter,https://twitter.com/yaakov/apps,Front face
52,,0.99171875,49.942656249999999,MAKE | Hidden Gem: Wayne Electronics,http://blog.makezine.com/2008/07/05/hidden-gem-wayne-electron/
55,,0.95359375,116.825,KOHCTPYKTOP » Zachtronics Industries -,http://thesiteformerlyknownas.zachtronicsindustries.com/?p=710,Matthew Read (MatthewRyanRead) on Twitter,https://twitter.com/MatthewRyanRead,Infiniminer » Zachtronics Industries -,http://thesiteformerlyknownas.zachtronicsindustries.com/?p=713,Upverter - Github For Hardware (YC W11) - AngelList,https://angel.co/upverter,Ruckingenur Challenge » Zachtronics Industries -,http://thesiteformerlyknownas.zachtronicsindustries.com/?p=661
56,,0.96359375,87.865781249999998,you must get it,http://youmustget.it/says/doekman,DropDownListFor with ASP.NET MVC - OdeToCode,http://odetocode.com/blogs/scott/archive/2013/03/11/dropdownlistfor-with-asp-net-mvc.aspx,doekman · GitHub,https://github.com/doekman,doekman - you must get it,http://youmustget.com/says/doekman,Doeke Zanstra (doekezanstra)  on Twitter,https://twitter.com/doekezanstra,Front face
57,,0.6534375,0.0,Chad Paulson (chadpaulson) on Twitter,https://twitter.com/chadpaulson,chadpaulson/django-clortho · GitHub,https://github.com/chadpaulson/django-clortho,The old ShiftPWM page | ElcoJacobs.com,http://www.elcojacobs.com/shiftpwm-old/,"Twitter / simplescott: Im loving learning about @neo4j, ...",https://twitter.com/simplescott/status/327613999250288640,jezdez/django-avatar - GitHub,https://github.com/jezdez/django-avatar/pull/42,Front face
58,,0.848125,65.392812500000005,Ikariam - The Gimcrack Miscellany,http://www.thegimcrackmiscellany.com/2008/02/ikariam/,Installing Python (mod_python) on XAMPP (on Windows) - Chomper ...,http://blog.chomperstomp.com/installing-python-mod_python-on-xampp/,Spring on the Ranch - Achaius Ranch,http://www.achaiusranch.org/spring-on-the-ranch,impact-fork - npm,https://npmjs.org/package/impact-fork,cmcculloh (Christopher McCulloh) · GitHub,https://github.com/cmcculloh,Profile face
59,,0.86609375,44.560937500000001,Flickr: M,http://www.flickr.com/people/4eyes1988/,Flat File Databases in PHP | Verious,http://www.verious.com/qa/flat-file-databases-in-php/,How do I track file downloads with apache/PHP | Verious,http://www.verious.com/qa/how-do-i-track-file-downloads-with-apache-php/,The Worlds Best Photos of bonn and stencil - Flickr Hive Mind,"http://flickrhivemind.net/Tags/bonn,stencil/Interesting",library_mistress favorite photos and videos | Flickr,http://www.flickr.com/photos/library_mistress/favorites/page11/?view=lg
60,,0.584375,0.0,Dave Ward,http://daveward.ulitzer.com/,Forums  ,http://wijmo.com/forums/,About Dave Ward and Encosia,http://encosia.com/about-dave-ward/,Community,http://wijmo.com/forums/community/,Weekend Wonderfulness | The Law School Transplant,http://lawschooltransplant.com/weekend-wonderfulness/,Encosia (Dave Ward) · GitHub,https://github.com/Encosia,Topic: wijdatasource - Wijmo,http://wijmo.com/topic/wijdatasource/,Front face
61,dwarf fortress,0.68328125,82.429531249999997
62,,0.92625,81.693437500000002,lyahdav (Liron Yahdav) · GitHub,https://github.com/lyahdav,Liron Yahdav (lyahdav) on Twitter,https://twitter.com/lyahdav,User Liron Yahdav - Stack Overflow,http://stackoverflow.com/users/62/liron-yahdav,[mac] no automatic sync - Page 2 - Evernote - Evernote User Forum,http://discussion.evernote.com/topic/30515-no-automatic-sync/page-2,Front face
63,helix nebula,0.4959375,160.18593749999999
64,,0.44640625,185.95906249999999,Ladonna on Myspace,http://www.myspace.com/allmensjoycrew,working both virtually and on-site? - Virtual Assistant ...‎ ,http://www.virtualassistantforums.com/determining-your-services/working-both-virtually-site-20406,Looking for input on web hosting - Virtual Assistant ...‎ ,http://www.virtualassistantforums.com/domain-registration-hosting/looking-input-web-hosting-20612,InCultureParent | Real Intercultural Families: Metrice and Don,http://www.incultureparent.com/?p=4949,Work At Home Scams,http://www.virtualassistantforums.com/work-home-scams,Question Best option for a business phone line - Virtual ...‎ ,http://www.virtualassistantforums.com/phone-voip-fax-email/best-option-business-phone-line-23252,"Announcement Scam, Scam, Scam - Virtual Assistant Forums - Online ...",http://www.virtualassistantforums.com/work-home-scams/scam-scam-scam-23533,LAS VEGAS - Tripod,http://members.tripod.com/detroit_motown_soul/id14.html,Can someone help with my tagline? - Virtual Assistant ...‎ ,http://www.virtualassistantforums.com/branding-your-business/can-someone-help-my-tagline-23915,Scout.com: Arizonas 2008 Signing Day Photo Gallery,http://hsarizona.scout.com/2/727211.html,Front face
67,,0.65125,154.58812499999999,Rex Morgan (rexm) on Twitter,https://twitter.com/rexm,Twitter / mislav: Google goes thru *every word* ...,https://twitter.com/mislav/status/299533050910502912,@martinfernandes/nodatime on Twitter,https://twitter.com/martinfernandes/nodatime,StackOverflow | Greg Young - Stuff you need to Code Better!,http://codebetter.com/gregyoung/2012/03/02/stackoverflow/,Current nuget package is breaking; fixed to require specific version ...,https://github.com/ziyasal/Caliburn.Metro/issues/1
70,,0.5528125,99.896718750000005,Remote Log Monitoring via RSS | Atlassian Blogs,http://blogs.atlassian.com/2007/03/remote_log_monitoring_via_rss/,Format mysql datetime with php | Verious,http://www.verious.com/qa/format-mysql-datetime-with-php/,Global warming conspiracy theories | Blog Bites Man,http://blogbitesman.net/2007/04/05/global-warming-conspiracy-theories/,Gliffy! | Atlassian Blogs,http://blogs.atlassian.com/2006/11/gliffy/,DevHawk – Nobody Cares That I Called McCain a Dick?,http://devhawk.net/2008/08/08/nobody-cares-that-i-called-mccain-a-dick/
71,,0.755625,87.294531250000006,Feedly: My Google Reader Alternative - WP Daily,http://wpdaily.co/feedly/,Blog - Fresh Consulting,http://freshconsulting.com/blog/,Fresh Thinking,http://freshconsulting.com/category/fresh-thinking/,What is Innovation? 30+ definitions lead to one fresh summary ...,http://freshconsulting.com/what-is-innovation/,Blog  ,http://freshconsulting.com/blog/,Provide a pop out or  background mp3 player - Get Satisfaction,http://getsatisfaction.com/feedly/topics/provide_a_pop_out_or_background_mp3_player,"Sup-a-Dillie-O | Bonum, Veritas, Pulcher, Techne",http://dillieodigital.wordpress.com/
72,,0.90515625,70.297968749999995,pix0r/pushover · GitHub,https://github.com/pix0r/pushover,coderwall.com : Mattt Thompsons profile,https://coderwall.com/mattt,pix0r (Mike Matz) · GitHub,https://github.com/pix0r,pix0r/tidyjson · GitHub,https://github.com/pix0r/tidyjson,Add private messages – Customer Feedback for Flowdock,http://flowdock.uservoice.com/forums/36827-general/suggestions/470231-add-private-messages,Front face,Profile face
75,,0.5,108.19421875,webshim - GitHub,https://github.com/aFarkas/webshim/issues/120,rake logs ... make it tail by default? · Issue #61 · fastestforward  ...,https://github.com/fastestforward/heroku_san/issues/61,Recently Created JavaScript Repositories · GitHub - Page2RSS,http://page2rss.com/2455daeb5c8a0ccb668b37992737fc16/6015067_6015461,Commit History · blaulabs/ruby_flipper ·  GitHub,https://github.com/blaulabs/ruby_flipper/commits/,Incompatible with Chrome for iOS · Issue #82 · rails/turbolinks · GitHub,https://github.com/rails/turbolinks/issues/82,Front face
76,,0.786875,62.591406249999999,How to change IIS Express SSL port without WebMatrix | Truncated ...,http://truncatedcodr.wordpress.com/2011/09/30/how-to-change-iis-express-ssl-port-without-webmatrix/,GoDaddy and Transfer Issues » Namecheap Blog,http://community.namecheap.com/blog/2011/12/26/godaddy-transfer-update/,PeteShearer (Pete Shearer) · GitHub,https://github.com/PeteShearer?tab=activity,PeteShearer/RoutesyBART · GitHub,https://github.com/PeteShearer/RoutesyBART,Front face
77,,0.8796875,68.82421875,Darren Kopp - On Software,http://darrenkopp.com/,Darren Kopp (darrenkopp) on Twitter,https://twitter.com/darrenkopp,Microsoft SQL Server - Reddit,http://www.reddit.com/r/sqlserver/,About Me - Darren Kopp,http://darrenkopp.com/about,Ned Batchelder: WALL-E,http://nedbatchelder.com/blog/200807/walle.html,Front face
78,,0.9425,106.01859374999999,First post! | hyfen.net - Andrew Louis,http://hyfen.net/first-post-2,Burgers,http://dinehere.ca/r/toronto/burgers,Apache Burgers | Toronto - Dine Here,http://dinehere.ca/toronto/apache-burgers,Toronto  ,http://dinehere.ca/r/toronto,Abdullah S. - Foursquare,https://foursquare.com/theshady,What photography tells us about electricity | hyfen.net - Andrew Louis,http://hyfen.net/what-photography-tells-us-about-electricity,Treasures from the Trinity College Book Sale | hyfen.net,http://hyfen.net/trinity-book-sale
79,,0.5865625,74.653437499999995,adamjernst (Adam Ernst) · GitHub,https://github.com/adamjernst,Adam Ernst,http://adamernst.com/,Above Keyboard · Issue #10 · jdg/MBProgressHUD · GitHub,https://github.com/jdg/MBProgressHUD/issues/10,Adam Ernst (adamjernst) on Twitter,https://twitter.com/adamjernst,Commit History · jdg/oauthconsumer · GitHub,https://github.com/jdg/oauthconsumer/commits/,Front face,Profile face
80,,0.970625,25.776250000000001,Andy Lumb - Canada | LinkedIn,http://ca.linkedin.com/in/andylumb,Andy Lumb (AndyLumb) on Twitter,https://twitter.com/AndyLumb,alumbs favorites on SoundCloud - Hear the worlds sounds,http://soundcloud.com/alumb
82,,1.0,255.0
83,,0.85875,91.121718749999999,"Gravatars, Identicons, and You « Blog – Stack Exchange",http://blog.stackoverflow.com/2008/06/gravatars-identicons-and-you/,Mapping the Islands Walkable Surfaces - The Witness,http://the-witness.net/news/2012/12/mapping-the-islands-walkable-surfaces/,Podcast #61 « Blog – Stack Exchange - Blog - Stack Overflow,http://blog.stackoverflow.com/2009/07/podcast-61/,Changes to Stack Exchange « Blog – Stack Exchange,http://blog.stackoverflow.com/2010/04/changes-to-stack-exchange/,Podcast #83 « Blog – Stack Exchange - Blog - Stack Overflow,http://blog.stackoverflow.com/2010/02/podcast-83/,Front face
86,,0.825625,76.861406250000002,"Using NHamcrest with NUnit or XUnit | Look on my works, ye Mighty ...",http://grahamrhay.wordpress.com/2011/10/08/using-nhamcrest-with-nunit-or-xunit/,Java,http://tech.puredanger.com/category/java/,Søren B. Vrist (svrist) on Twitter,https://twitter.com/svrist,c# mat2gray (matlab) function | Verious,http://www.verious.com/qa/c-mat2gray-matlab-function/,People that talk with Mark Seemann @ploeh -  Twtrland,http://twtrland.com/profile/ploeh/conversations,Through the Java looking glass : Pure Danger Tech,http://tech.puredanger.com/2007/12/14/through-the-java-looking-glass/,Front face,Profile face
87,,0.27515625,32.333906249999998,DylanJ/qwsq · GitHub,https://github.com/DylanJ/qwsq,DylanJ (Dylan Johnston) · GitHub,https://github.com/DylanJ?tab=activity,DylanJ/sms-irssi · GitHub,https://github.com/DylanJ/sms-irssi,DylanJ/nquake-linux-installer · GitHub,https://github.com/DylanJ/nquake-linux-installer
88,,0.76296875,94.515000000000001,Profile face
90,,0.95625,7.98140625,Save Rendering to disk ?? | OpenTK,http://www.opentk.com/node/1733?page=1,Support,http://www.opentk.com/forum/2,Whats Next for Bill? Onwards and Upwards - Bills Poker Blog,http://www.billrini.com/2009/04/21/bill-onwards/,The Coin Flip: A Fundamentally Unfair Proposition?,http://econ.ucsb.edu/~doug/240a/Coin%20Flip.htm,Coding the Wheel (codingthewheel) on Twitter,https://twitter.com/codingthewheel,Drawing without GameWindow or GLControl | OpenTK,http://www.opentk.com/node/1631,Discussion forums  ,http://www.opentk.com/forum,OpenTK  ,http://www.opentk.com/forum/1
91,,0.96546875,80.097187500000004,mstum (Michael Stum) · GitHub,https://github.com/mstum,Not Rocket Science »  About,http://www.stum.de/about/,coffee-script - GitHub,https://github.com/jashkenas/coffee-script/issues/2477,Michael Stum on Vimeo,http://vimeo.com/mstum,Beginning Debugging in VS2010 Episode 1: Breakpoints and ...,http://vimeo.com/8954697
92,,0.90578125,0.0,Mexican,http://www.yelp.com/c/sunland-ca-us/mexican,Florists,http://www.yelp.com/c/pasadena-ca-us/florists,Shopping  ,http://www.yelp.com/c/pasadena-ca-us/shopping,Vietnamese,http://www.yelp.com/c/silver-lake-ca-us/vietnamese,American (Traditional),http://www.yelp.com/c/sunland-ca-us/tradamerican,Flowers  Gifts  ,http://www.yelp.com/c/pasadena-ca-us/flowers,"Brad Larsen Florals - Pasadena - Pasadena, CA - Yelp",http://www.yelp.com/biz/brad-larsen-florals-pasadena,Business of Software 2008 - Home,http://bos2008.crowdvine.com/,"Gingergrass - Silver Lake - Silver Lake, CA - Yelp",http://www.yelp.com/biz/gingergrass-silver-lake,"Cocos Family Restaurant - Sunland - Sunland, CA - Yelp",http://www.yelp.com/biz/cocos-family-restaurant-sunland,Restaurants  ,http://www.yelp.com/c/sunland-ca-us/restaurants,"Los Arcos - Sunland - Sunland, CA - Yelp",http://www.yelp.com/biz/los-arcos-sunland
93,,0.86828125,40.509531250000002,Webcam-stop-motion-thing temporarly disabled (digg effect) | Juan ...,http://piterwilson.com/blog/2008/03/31/webcam-stop-motion-thing-temporarly-disabled/,Stop What You Are Doing And Learn About Reactive Programming ...,http://jesseliberty.com/2011/01/27/stop-what-you-are-doing-and-learn-about-reactive-programming/,web-cam-stop-motion-thing is back | Juan Carlos Ospina Gonzalez ...,http://piterwilson.com/blog/2008/04/09/web-cam-stop-motion-thing-is-back/,How do I implement a custom Brush in WPF? - RunCode,http://ho.runcode.us/q/how-do-i-implement-a-custom-brush-in-wpf,Binding XML in Silverlight without nominal classes | Verious,http://www.verious.com/qa/binding-xml-in-silverlight-without-nominal-classes/
95,,0.89421875,35.531718750000003,PowerCenter  ,https://community.informatica.com/community/products/powercenter,"Renata Przemyk - Słony żal (2010.09.15, Plus Tennis Music Festival ...",http://vimeo.com/15027562,"dredg - Bug Eyes (2009.06.09, Huxleys Neue Welt, Berlin) on Vimeo",http://vimeo.com/5091361,Marek (chopeen) on Twitter,https://twitter.com/chopeen,Products  ,https://community.informatica.com/community/products,Discussions,https://community.informatica.com/community/products/powercenter?view=discussions,Communities: Operators in Joiner Transformation,https://community.informatica.com/message/66655,Twitter / Delicious: The Delicious Firefox extension ...,https://twitter.com/Delicious/status/258679022081421314
96,avalanche bowling ball,0.9509375,85.727812499999999
99,,0.80390625,62.659062499999997,Recommended Fonts for Programming? - RunCode,http://re.runcode.us/q/recommended-fonts-for-programming,What is the best choice for building Windows installers? - RunCode,http://wh.runcode.us/q/what-is-the-best-choice-for-building-windows-installers
100,,0.87859375,69.372812499999995,"Gravatars, Identicons, and You « Blog – Stack Exchange",http://blog.stackoverflow.com/2008/06/gravatars-identicons-and-you/,Podcast #11 « Blog – Stack Exchange,http://blog.stackoverflow.com/2008/06/podcast-11/,A Strangely Familiar Error « Blog – Stack Exchange,http://blog.stackoverflow.com/2008/06/a-strangely-familiar-error/,Google Offers Named OpenIDs « Blog – Stack Exchange,http://blog.stackoverflow.com/2009/11/google-offers-named-openids/,Stack Overflow on Herding Code « Blog – Stack Exchange,http://blog.stackoverflow.com/2008/08/stack-overflow-on-herding-code/
101,,0.66109375,134.13328125000001,coderwall.com : Peter Burnss profile,https://coderwall.com/rictic,Peter Burns (rictic) on Twitter,https://twitter.com/rictic,rictic/code_swarm · GitHub,https://github.com/rictic/code_swarm,Book Review - Surface Detail by Iain M. Banks - amd on software,http://amdsoft.com/book-review-surface-detail/,rictic (Peter Burns) · GitHub,https://github.com/rictic,Front face,Profile face
102,luke chueh i asked for scrambled,0.9696875,44.571249999999999
103,,0.9853125,64.781718749999996,Novel approaches to sequences of learning | Observations,http://observations.johnwlewis.info/articles/learning/disclosure-sequence/,Christopher Svec (christophersvec) on Twitter,https://twitter.com/christophersvec,outlook  extra line breaks: html formatting gone bad « Kevins Blog,http://kmwoley.com/blog/?p=196,ctrlp.vim - GitHub,https://github.com/kien/ctrlp.vim/issues/362,Christopher Svec | LinkedIn,http://www.linkedin.com/in/christophersvec,Front face
104,willy wonka,0.83078125,121.095
105,,0.7640625,132.08984375,Special Development Team Podcast « Blog – Stack Exchange,http://blog.stackoverflow.com/2008/08/special-development-team-podcast/,Mandarin Chinese programmer communities - odwks,http://odwks.com/2009/03/mandarin-chinese-programmer-communites/,CiscoVPN Client / 32-Bit Vista / Error 1720 « blog | edwards research,http://blog.edwards-research.com/2009/09/ciscovpn-client-32-bit-vista-error-1720/,Podcast #17 « Blog – Stack Exchange - Blog - Stack Overflow,http://blog.stackoverflow.com/2008/08/podcast-17/,WSE service update; wse suffix issue - RunCode,http://ws.runcode.us/q/wse-service-update-wse-suffix-issue
106,,0.65328125,0.0,Node Code Reviews and Patterns,http://www.meetup.com/Chicago-Nodejs/events/124652402/,Groupon Engineering Blog,https://engineering.groupon.com/page/2/,"Chicago Node.js (Chicago, IL) - Meetup",http://www.meetup.com/Chicago-Nodejs/,Sean Massa (endangeredmassa) on Twitter,https://twitter.com/endangeredmassa,coderwall.com : Sean Massas profile,https://coderwall.com/EndangeredMassa,TBD,http://www.meetup.com/Chicago-Nodejs/events/124677852/
107,,0.92296875,111.79390625000001,The Clockwork Rocket (Orthogonal Trilogy #1) by Greg Egan ...,http://www.goodreads.com/book/show/9756310-the-clockwork-rocket,Steampunk,http://www.goodreads.com/genres/steampunk,Science Fiction  ,http://www.goodreads.com/genres/science-fiction,The Son Who Fell To Earth : Bad Astronomy,http://blogs.discovermagazine.com/badastronomy/2007/12/17/the-son-who-fell-to-earth/,Front face
108,,0.94203125,92.959999999999994,Reservoir Dogs - Decision Making - YouTube,http://www.youtube.com/watch?v=EBI5uFXB1f8,gregcurt.is,http://gregcurt.is/,Greg Curtis | LinkedIn,http://www.linkedin.com/in/gregrcurtis,box (Box) · GitHub,https://github.com/box?tab=members,Front face
111,,0.3878125,114.6828125,"Immune System Failure | Yeah, Im A Nerd",http://yeahimanerd.com/2013/02/immune-system-failure/,yeah write #71 challenge grid is open |yeah write,http://yeahwrite.me/71-open/,A. C. Heron (abelchristopher) on Twitter,https://twitter.com/abelchristopher,sipple (Eric Sipple) · GitHub,https://github.com/sipple,UnfamiliarLives (UnfamiliarLives) on Twitter,https://twitter.com/UnfamiliarLives
113,,0.7453125,78.183125000000004,tlrobinson (Tom Robinson) · GitHub,https://github.com/tlrobinson,Tom Robinson,http://tlrobinson.net/,Tim Haines (TimHaines) on Twitter,https://twitter.com/TimHaines,tlrobinson/narwhal · GitHub,https://github.com/tlrobinson/narwhal,Bitcoin News (bitcoinnews) on Twitter,https://twitter.com/bitcoinnews
114,,0.84015625,86.761406249999993,Will Perry (WillPerry50) on Twitter,https://twitter.com/WillPerry50,craigsmitham (Craig Smitham) · GitHub,https://github.com/craigsmitham,Book Review - Outliers | Challies Dot Com,http://www.challies.com/book-reviews/book-review-outliers,Craig Smitham (craigsmitham) on Twitter,https://twitter.com/craigsmitham,WindowsAzure (WindowsAzure) on Twitter,https://twitter.com/WindowsAzure,Front face
115,,0.99671875,133.00999999999999,PHP Username Password Solution - RunCode,http://ph.runcode.us/q/php-username-password-solution,30cm go!cable - Netduino Go‎ ,http://forums.netduino.com/index.php?/topic/5045-30cm-gocable/,Gutworks - Viewing Profile‎ ,http://forums.netduino.com/index.php?/user/1824-gutworks/,Netduino Go‎ ,http://forums.netduino.com/index.php?/forum/26-netduino-go/,APC not recommended for production? | Verious,http://www.verious.com/qa/apc-not-recommended-for-production/,Seeking code highlighter recommendation for WordPress | Verious,http://www.verious.com/qa/seeking-code-highlighter-recommendation-for-word-press/,Bendage - Viewing Profile‎ ,http://forums.netduino.com/index.php?/user/13072-bendage/,NooM - Viewing Profile - Netduino Forums,http://forums.netduino.com/index.php?/user/23942-noom/,Most Liked Content - Forums,http://forums.netduino.com/index.php?/best-content/
116,,0.8196875,116.3003125,Sessions | Perforce,http://www.perforce.com/conference/2013/sessions,Jack Crossfires Friends - DIY Drones,http://diydrones.com/friends/JackCrossfire,Mark Harrison (marhar) on Twitter,https://twitter.com/marhar,marhar/ArctiNode · GitHub,https://github.com/marhar/ArctiNode,Speakers | Perforce,http://www.perforce.com/conference/2013/speakers,Front face
117,,0.88875,82.379374999999996,petercoulton (Peter Coulton) · GitHub,https://github.com/petercoulton,Peter Coulton (petercoulton) on Twitter,https://twitter.com/petercoulton,SpecFlow - GitHub,https://github.com/techtalk/SpecFlow/issues/168,petercoulton/snippets · GitHub,https://github.com/petercoulton/snippets,petercoulton/windowlicker · GitHub,https://github.com/petercoulton/windowlicker,Front face
118,,0.08453125,0.0,ヌメ革専用クリーム（LbyL 株式会社もとなが）｜OXIO－CRAFT（オキクラ ...,http://ameblo.jp/oxio-craft/entry-10948259648.html,iOS keep my app running in background constantly | Verious,http://www.verious.com/qa/ios-keep-my-app-running-in-background-constantly/,"Common SQL Queston, Finding Counts of a Group By MAX | Verious",http://www.verious.com/qa/common-sql-queston-finding-counts-of-a-group-by-max/,OXIO－CRAFT（オキクラ）の「革雑貨」制作日記 - Ameba,http://ameblo.jp/oxio-craft/theme-10025469250.html,How can I track a bug report in Apples Radar? | Verious,http://www.verious.com/qa/how-can-i-track-a-bug-report-in-apple-s-radar/
119,,0.879375,67.402187499999997,jezell · GitHub,https://github.com/jezell,Autoresize the content area? · Issue #18 · xing/wysihtml5 · GitHub,https://github.com/xing/wysihtml5/issues/18,Jesse Ezell (jezell) on Twitter,https://twitter.com/jezell,Tao Wang (twbz1996) on Twitter,https://twitter.com/twbz1996,@ezelboudi2/boudi on Twitter,https://twitter.com/ezelboudi2/boudi
120,,0.70140625,81.936406250000005,Hitesh Ashar profiles | LinkedIn,http://www.linkedin.com/pub/dir/Hitesh/Ashar,Got Flare? - Sam Saffron,http://samsaffron.com/archive/2009/10/06/Got+Flare,Podcast #11 « Blog – Stack Exchange,http://blog.stackoverflow.com/2008/06/podcast-11/,Hitesh Ashar - India | LinkedIn,http://in.linkedin.com/in/hiteshashar,stylebot - GitHub,https://github.com/ankit/stylebot/issues/160
122,,0.496875,92.418437499999996,Futurama - Why Must I Be A Crustacean in Love? (S02E09) - Dailytv,http://dailytv.ru/video/jxf9vgtkyuos,"Hey, what smells like blue?",http://smellsblue.blogspot.com/,"Hey, what smells like blue?: September 2009",http://smellsblue.blogspot.com/2009_09_01_archive.html,mikestone (Mike Virata-Stone) · GitHub,https://github.com/mikestone,Twitter / railsconf: RAILSCONF FUNNER FACT: 3.377483% ...,https://twitter.com/railsconf/status/330029252764381184
123,,0.82296875,48.349843749999998,Niklas Saers (niklassaers) on Twitter,https://twitter.com/niklassaers,Podcast #1 « Blog – Stack Exchange - Blog - Stack Overflow,http://blog.stackoverflow.com/2008/04/podcast-1/,Prakash (dearprakash) on Twitter,https://twitter.com/dearprakash,about - Signifying Nothing,http://www.praka.sh/about/,Prakash Rajendran - Sverige | LinkedIn,http://se.linkedin.com/in/arunprakash
131,,0.96765625,143.5871875,Twitter / heymrmarcel: @SenatorLudlam it happens when ...,https://twitter.com/heymrmarcel/status/339257955700596736,Twitter / ItStopsWithMe: “I know nothing about racism ...,https://twitter.com/ItStopsWithMe/status/341132423607767041,Twitter / amnestyOz: Annual Report 2013: The state ...,https://twitter.com/amnestyOz/status/337349914197643265,Twitter / MalcolmFraser12: @peartonjohnson @DBayEx_Piper ...,https://twitter.com/MalcolmFraser12/status/342852263489961984,Marcel Tjandraatmadja - YouTube,http://www.youtube.com/user/marceltjandra
133,,0.86890625,35.68328125,Twitter / lgirvin: Just sat down and broke the ...,http://twitter.com/lgirvin/status/2067636497,Twitter / snipeyhead: The difference between Instagram ...,https://twitter.com/snipeyhead/status/297120287999279105,"BBC Breaking News, BBCBreaking | twtrland",http://twtrland.com/profile/BBCBreaking,Luke Girvin (lgirvin) on Twitter,https://twitter.com/lgirvin,Twitter / NorwichCityFC: Chief Executive David McNally ...,https://twitter.com/NorwichCityFC/status/210742460920500224
134,coca cola cup,1.0,145.99046874999999
135,,0.86734375,68.794531250000006,Podcast #10 « Blog – Stack Exchange - Blog - Stack Overflow,http://blog.stackoverflow.com/2008/06/podcast-10/,Rob Burke - Ireland | LinkedIn,http://ie.linkedin.com/in/robburke,The Counter - Dublin - Yelp,http://www.yelp.ie/biz/the-counter-dublin,Burgers,http://www.yelp.ie/c/dublin/burgers,Listen to Podcasts in Less Time « Blog – Stack Exchange,http://blog.stackoverflow.com/2008/06/listen-to-podcasts-in-less-time/,Restaurants  ,http://www.yelp.ie/c/dublin/restaurants,Front face
137,,0.7559375,68.508906249999995,"Gravatars, Identicons, and You « Blog – Stack Exchange",http://blog.stackoverflow.com/2008/06/gravatars-identicons-and-you/,Podcast #22 « Blog – Stack Exchange - Blog - Stack Overflow,http://blog.stackoverflow.com/2008/09/podcast-22/,Move validation to models · Issue #1052 · pyrocms/pyrocms · GitHub,https://github.com/pyrocms/pyrocms/issues/1052,Podcast #9 « Blog – Stack Exchange - Blog - Stack Overflow,http://blog.stackoverflow.com/2008/06/podcast-9/,Dropping the WWW Prefix « Blog – Stack Exchange,http://blog.stackoverflow.com/2008/06/dropping-the-www-prefix/,Front face
139,don t jaywalk,0.86640625,120.30859375
140,,0.83390625,107.44578125,rufo/instafari · GitHub,https://github.com/rufo/instafari,Downloads · rufo/instafari · GitHub,https://github.com/rufo/instafari/downloads,Zombie Apocalypse Review - Giant Bomb,http://www.giantbomb.com/reviews/zombie-apocalypse-review/1900-209/,rufo (Rufo Sanchez) · GitHub,https://github.com/rufo,coderwall.com : Rufo Sanchezs profile,https://coderwall.com/rufo,Front face
143,hot chelle rae ryan follese,0.510625,0.0
144,,0.94953125,51.853437499999998,80 - 24 Pull Requests,http://24pullrequests.com/pull_requests?page=80,django-tastypie - GitHub,https://github.com/toastdriven/django-tastypie/issues/788,Project Model - Gists - GitHub,https://gist.github.com/issackelly/1189701,Open Conference Expectations - Gists - GitHub,https://gist.github.com/3098860,What you can do about the Tastypie perms branch - Gists - GitHub,https://gist.github.com/issackelly/2816421,Profile face
145,,0.83734375,88.956093749999994,Ned Batchelder: Square root of Christmas,http://nedbatchelder.com/blog/200903/square_root_of_christmas.html,Alex Kesling | LinkedIn,http://www.linkedin.com/in/alexkesling,Ned Batchelder: Keep data out of your variable names,http://nedbatchelder.com/blog/201112/keep_data_out_of_your_variable_names.html,akesling (Alex Kesling) · GitHub,https://github.com/akesling,Front face
146,,1.0,7.9528125000000003,".Net Data structures: ArrayList, List, HashTable, Dictionary ...",http://ne.runcode.us/q/net-data-structures-arraylist-list-hashtable-dictionary-sortedlist-sorteddictionary-speed-memory-and-when-to-use-each,Why are JPEG images created with System.Drawing larger than ...,http://wh.runcode.us/q/why-are-jpeg-images-created-with-system-drawing-larger-than-original-bitmaps,Is everyone here jumping on the ORM band wagon? | Verious,http://www.verious.com/qa/is-everyone-here-jumping-on-the-orm-band-wagon/,What is the fastest way to combine two xml files into one | Verious,http://www.verious.com/qa/what-is-the-fastest-way-to-combine-two-xml-files-into-one/,Linq over Stored Procedures | Verious,http://www.verious.com/qa/linq-over-stored-procedures/
147,,0.8190625,105.9121875,Twitter / KellyBashar: Stay away from Costco... Police ...,https://twitter.com/KellyBashar/status/318863294276435968,Gareth Simpson (xurble) on Twitter,https://twitter.com/xurble,The Right Toy for the Job - Twenty Sided - Shamus,http://www.shamusyoung.com/twentysidedtale/?p=1882,When a Site  Grows Quiet « Blog – Stack Exchange,http://blog.stackoverflow.com/2012/04/when-a-site-grows-quiet/,Special Development Team Podcast « Blog – Stack Exchange,http://blog.stackoverflow.com/2008/08/special-development-team-podcast/
148,,0.5303125,171.61328125,Twitter / RUMOKO: I thought I recognised that ...,https://twitter.com/RUMOKO/status/344452349370195969,Twitter Users are Pasty Faced Geeks with No Friends! - Your Story,http://yourstorypodcast.com/2009/04/twitter-users-have-no-friends/,"Twitter / SpencerHowson: From todays Sun-Herald, ...",https://twitter.com/SpencerHowson/status/343524806374862849,Twitter / GreenheartGames: Game Dev Tycoon is now available ...,https://twitter.com/GreenheartGames/status/328320822454386690,AdrianJSClark (AdrianJSClark) on Twitter,https://twitter.com/AdrianJSClark,Front face
149,,0.78640625,76.680625000000006,Dougs Review: 2002 Mercedes-Benz G500 | The Truth About Cars,http://www.thetruthaboutcars.com/2013/04/dougs-review-2002-mercedes-benz-g500/,On Being A Winner - Patrick Rothfuss,http://blog.patrickrothfuss.com/2012/10/being-a-winner/,A little family update - Patrick Rothfuss,http://blog.patrickrothfuss.com/2011/07/a-little-family-update/,Review: 2012 Buick Regal GS | The Truth About Cars,http://www.thetruthaboutcars.com/2011/12/review-2012-buick-regal-gs/,Worldbuilders 2012: Epilogue –  Part One - Patrick Rothfuss,http://blog.patrickrothfuss.com/2013/04/worldbuilders-2012-epilogue-part-one/
150,irradiação em alimentos,0.48921875,122.514375
151,,0.61640625,0.0,makeaworldfilm on Vimeo,http://vimeo.com/user2606260,boncey (Darren Greaves) · GitHub,https://github.com/boncey,Berlin Elevator on Vimeo,http://vimeo.com/30336617,Owners | Carter•Barnes Hair Artisans | Serving  Ladies  Gentlemen,http://www.carterbarnes.com/about/owners/,Front face,Profile face
153,,0.61203125,121.0065625,How Do You Clone A VM Using VMware Fusion? - RunCode,http://ho.runcode.us/q/how-do-you-clone-a-vm-using-vmware-fusion,Front face
154,,0.7165625,54.401874999999997,High levels of bilirum and icteric sample : Health - Reddit,http://www.reddit.com/r/Health/related/1ac0q6/high_levels_of_bilirum_and_icteric_sample/,Most efficient code for the first 10000 prime numbers? - clistax,http://clistax.com/question/qt/622/st/4eb64b29180c4,Überblick für pebble-matt - Reddit,http://de.reddit.com/user/pebble-matt,[Android] Sample Code for Supported Intents  : pebble - Reddit,http://www.reddit.com/r/pebble/comments/1abd7q/android_sample_code_for_supported_intents/,Matt Zulak (itszulaklol) on Twitter,https://twitter.com/itszulaklol
156,,0.61078125,75.122343749999999,Introducing Heka | Mozilla Services - The Mozilla Blog,http://blog.mozilla.org/services/2013/04/30/introducing-heka/,joeshaw/pubnub-python · GitHub,https://github.com/joeshaw/pubnub-python,joeshaw (Joe Shaw) · GitHub,https://github.com/joeshaw,0.5.2 by maxcountryman · Pull Request #76 · litl/rauth · GitHub,https://github.com/litl/rauth/pull/76,litl (litl) on Twitter,https://twitter.com/litl,Profile face
157,kenneth noland,1.0,101.8346875
160,,0.50078125,201.35359374999999,Blux | RubyGems.org | your community gem host,https://rubygems.org/gems/Blux,event_source | RubyGems.org | your community gem host,https://rubygems.org/gems/event_source,louissalin (Louis Salin) · GitHub,https://github.com/louissalin,How to Keep Feces Out of Your Bloodstream - The 4-Hour Workweek,http://www.fourhourworkweek.com/blog/2010/09/19/paleo-diet-solution/,command_bus | RubyGems.org | your community gem host,http://rubygems.org/gems/command_bus
161,federico builes,0.42328125,90.860937500000006
162,,0.96703125,53.917812499999997,Murfreesboro,http://www.urbanspoon.com/n/47/4629/Nashville/Murfreesboro-restaurants,Scrum Sprint Monitor extension  - Visual Studio Gallery - Microsoft,http://visualstudiogallery.msdn.microsoft.com/315eb20a-6f6c-4940-944b-45321476af50,Salsaritas - Murfreesboro | Urbanspoon,http://www.urbanspoon.com/r/47/1458560/restaurant/Nashville/Salsaritas-Murfreesboro,Greater Nashville  ,http://www.urbanspoon.com/g/47/4001/Nashville/Greater-Nashville-restaurants,The Chop House - Murfreesboro | Urbanspoon,http://www.urbanspoon.com/r/47/510359/restaurant/Nashville/The-Chop-House-Murfreesboro,User Paul G - Stack Overflow,http://stackoverflow.com/users/162/paul-g,Enter the Flipboard iPad 2 Giveaway | Inside Flipboard,http://inside.flipboard.com/2011/04/19/enter-the-flipboard-ipad-2-giveaway/,Nashville  ,http://www.urbanspoon.com/c/47/Nashville-restaurants.html,Tools,http://visualstudiogallery.msdn.microsoft.com/site/search?f%5B0%5D.Type=RootCategory&f%5B0%5D.Value=tools,Front face
163,,0.7778125,32.017656250000002,Edens Root - Tuebl,http://tuebl.ca/book/show/id/49036,Edens Root Trilogy - Tuebl,https://tuebl.ca/browse/serie/14102,"Fisher, Rachel - Tuebl",https://tuebl.ca/browse/author/17067,Released: Traitor | Jonas Kyratzes,http://www.jonas-kyratzes.net/2012/03/21/released-traitor/,MARK WAID » Marketing Through Piracy,http://markwaid.com/digital/marketing-through-piracy/,Front face
164,john siracusa,0.76234375,44.762656249999999
166,,0.92546875,0.0,Ryan Olson (Gimpson) on Twitter,https://twitter.com/Gimpson,Gimpson (Ryan Olson) · GitHub,https://github.com/Gimpson,Net-Graphite-Reader-0.02 - Access to Graphites raw data ...,https://metacpan.org/release/Net-Graphite-Reader,Ryan Olson | LinkedIn,http://www.linkedin.com/in/ryantolson,Ryan Olson - search.cpan.org - The CPAN Search Site,http://search.cpan.org/~gimpson/,Front face
168,,0.99796875,48.723437500000003,Twitter / doctrops: #209day @thatsaok @danwolch ...,https://twitter.com/doctrops/status/300263068221468672,Twitter / Search - #yaleie2013,https://twitter.com/search?q=%23yaleie2013,Dan Wolchonok (danwolch) on Twitter,https://twitter.com/danwolch,"Dan Wolchonok, danwolch | twtrland",http://twtrland.com/profile/danwolch,Twitter / FrancisSilvestr: Think Outside the Box: Guerrilla ...,https://twitter.com/FrancisSilvestr/status/302769239075454978,Front face
169,,0.9571875,82.341875000000002,Sushi Tetsu - London Food Freak,http://londonfoodfreak.com/sushi-tetsu/,In-memory Razor engine with @Model and @ViewBag support,https://gist.github.com/ArnoldZokas/2204352,Arnold Zokas (arnoldzokas) on Twitter,https://twitter.com/arnoldzokas,Arnold Zokas - United Kingdom | LinkedIn,http://uk.linkedin.com/in/arnoldzokas,Viktor Klang (viktorklang) on Twitter,https://twitter.com/viktorklang,Front face
170,,0.0,33.560000000000002,February – 2013 - Tricias Frugal Finds,http://triciasfrugalfinds.com/2013/02/,“Theyre Like GQ Meets MMA” | briansbigproject,http://briansbigproject.com/2013/04/05/theyre-like-gq-meets-mma/,Wideopen Mag on Vimeo,http://vimeo.com/wideopenmag,KONE Coffee Filter + Brewing System by  Keith Gehrke — Kickstarter,http://www.kickstarter.com/projects/333965871/kone-coffee-filter-brewing-system,Steel Magazine | Diffuseur de la tendance urbaine cycliste | Page 3,http://www.steelmagazine.fr/en/page/3/
171,yazirian,0.40171875,163.57656249999999
172,,1.0,0.0,replicator build quits at random : MakerBot Industries Support,http://support.makerbot.com/entries/21659111-replicator-build-quits-at-random,irregular plastic extrusion : MakerBot Industries Support,http://support.makerbot.com/entries/21719542-irregular-plastic-extrusion,Software upgrade for Replicator : MakerBot Industries Support,http://support.makerbot.com/entries/21389562-Software-upgrade-for-Replicator,"Print issue, possibly retraction : MakerBot Industries Support",http://support.makerbot.com/entries/21675762-Print-issue-possibly-retraction
173,,0.9990625,77.959374999999994,Branislav Jovanović (branej) on Twitter,https://twitter.com/branej,maxwells_daemon | Recent Entries,http://maxwells-daemon.dreamwidth.org/,The Mysterious World of Brian Miles,http://levelt.net/,Icons - maxwells_daemon - Dreamwidth,http://maxwells-daemon.dreamwidth.org/icons
175,,0.75921875,31.11375,Ned Batchelder: Asserts,http://nedbatchelder.com/text/assert.html,Unhelpful - 24 ways: Vote on a comment,http://24ways.org/vote/down/c742/,NoScript | Jon Udell,http://blog.jonudell.net/2007/11/07/noscript/,How-To and Troubleshooting,http://wordpress.org/support/forum/how-to-and-troubleshooting,WordPress › Support  ,http://wordpress.org/support/,Ned Batchelder: Best computer language for a beginner,http://nedbatchelder.com/blog/200711/best_computer_language_for_a_beginner.html,WordPress › Support » WP2.2 + email gone awry?,http://wordpress.org/support/topic/118423
177,,0.98921875,63.201875000000001,Can I save a FlowDocument to BAML in a programmatic way ...,http://ca.runcode.us/q/can-i-save-a-flowdocument-to-baml-in-a-programmatic-way,Front face
178,,0.67828125,81.473906249999999,Marmot.com / Pinterest,http://pinterest.com/source/marmot.com/,Which adapter goes where? | The Griffin Technology Blog,http://www.griffintechnology.com/blog/tutorial/which-adapter-goes-where/,Canadiantire.ca / Pinterest,http://pinterest.com/source/canadiantire.ca
179,,0.82140625,0.0,Brendan Wreford | Blog,http://wreford.id.au/,Brendan Wreford | Research,http://wreford.id.au/research.html,Brendan Wreford | Teaching,http://wreford.id.au/teaching.html,Mi Yodeya - Area 51 - Stack Exchange,http://area51.stackexchange.com/proposals/22435/mi-yodeya,Culture,http://area51.stackexchange.com/categories/3/culture,Brendan Wreford | Contact,http://wreford.id.au/contact.html
181,,0.88890625,21.920625000000001,Checking Off Items On That “To Do Before I Die” List | Dereks ...,http://blog.megacity.org/2006/07/14/checking_off_it/,Harry Potter Dilemma | Dereks Rantings  and Ravings 2.0,http://blog.megacity.org/2003/06/21/harry_potter_di/,William Reardon profiles | LinkedIn,http://www.linkedin.com/pub/dir/William/Reardon,Bill Reardon profiles | LinkedIn,http://www.linkedin.com/pub/dir/Bill/Reardon,Will Reardon profiles | LinkedIn,http://www.linkedin.com/pub/dir/Will/Reardon
183,,0.95375,57.5934375,edavis10 (Eric Davis) · GitHub,https://github.com/edavis10,redmine_plugin_support | RubyGems.org | your community gem host,http://rubygems.org/gems/redmine_plugin_support,"Ruby Weekly: A Free, Weekly Ruby E-mail Newsletter",http://rubyweekly.com/,redmine_client | RubyGems.org | your community gem host,http://rubygems.org/gems/redmine_client,Honeybadger for Ruby (honeybadgerapp) on Twitter,https://twitter.com/honeybadgerapp,Front face
184,,0.93796875,77.895624999999995,chai - GitHub,https://github.com/chaijs/chai/issues/122,Default Text Fields Using Simple jQuery Trick - Daily Coding - daily ...,http://www.dailycoding.com/Posts/default_text_fields_using_simple_jquery_trick.aspx,WordPress › voidy « Free WordPress Themes,http://wordpress.org/themes/voidy,niyazpk (Niyaz) · GitHub,https://github.com/niyazpk,Design,http://www.dailycoding.com/Category/Design.aspx,Niyaz PK (niyazpk) on Twitter,https://twitter.com/niyazpk,Front face,Profile face
186,,0.9815625,64.268749999999997,National Instruments (niukie) on Twitter,https://twitter.com/niukie,Perforce Workspace - Source Code Control - LAVA,http://lavag.org/topic/13822-perforce-workspace/,TheMagPi (TheMagP1) on Twitter,https://twitter.com/TheMagP1,Stephen Swindley (swinders) on Twitter,https://twitter.com/swinders,vishots (vishots) on Twitter,https://twitter.com/vishots,Source Code Control,http://lavag.org/forum/29-source-code-control/,LabVIEW (By Category)  ,http://lavag.org/forum/8-labview-by-category/,Front face
188,web avatar,0.69765625,75.742031249999997
189,,0.89546875,102.83953124999999,Sebastjan Trepca: Flavors.me,http://flavors.me/trepca,Sebastjan Trepca (trepca) on Twitter,https://twitter.com/trepca,Sebastjan Trepca - United Kingdom | LinkedIn,http://uk.linkedin.com/in/trepca,trepca (Sebastjan Trepca) · GitHub,https://github.com/trepca,Lyst - Social shopping platform for fashion - AngelList,https://angel.co/lyst
191,,0.4728125,93.627656250000001,BR element sucks! – Janko At Warp Speed,http://www.jankoatwarpspeed.com/br-element-sucks/,Italy,http://www.football24.co.za/category/italy/,When Gaming Is Biologically Disrespectful - Mens Health Blogs,http://blogs.menshealth.com/fatherhood/when-gaming-is-biologically-disrespectful/2011/03/04/,Ella Inspired | Thinking Outside The Frame,http://thinkingoutsidetheframe.com/ella-inspired/,Ballardini Leading Genoa to Success | Football24,http://www.football24.co.za/2013/03/04/ballardini-leading-genoa-to-success/comment-page-4/,Hunters Brasil – Review do episódio 8.13 – Everybody Hates Hitler,http://huntersbr.com/review-do-episodio-8-13-everybody-hates-hitler/
193,ronny barker,0.74109375,88.515312499999993
194,,0.43359375,142.55250000000001,Adam Haile » Elpis,http://www.adamhaile.net/projects/elpis/,A quick Model A show and tell from Adafruit | Raspberry Pi,http://www.raspberrypi.org/archives/2759,adammhaile/RPi-LPD8806 · GitHub,https://github.com/adammhaile/RPi-LPD8806,Podcast #9 « Blog – Stack Exchange - Blog - Stack Overflow,http://blog.stackoverflow.com/2008/06/podcast-9/,adammhaile · GitHub,https://github.com/adammhaile
196,,0.668125,118.61640625,spencer1248 (Spencer Rogers) · GitHub,https://github.com/spencer1248,Spencer Rogers (spencer1248) on Twitter,https://twitter.com/spencer1248,remote files are not working · Issue #755 · carrierwaveuploader ...,https://github.com/carrierwaveuploader/carrierwave/issues/755,sar1248 (Spencer Rogers) · GitHub,https://github.com/sar1248?tab=activity
197,,0.9665625,68.783281250000002,broke in rails3 becase of fattr · Issue #32 · jscruggs/metric_fu · GitHub,https://github.com/jscruggs/metric_fu/issues/32,Ludicity Contact - Ludicity,http://www.ludicity.nl/contact/,StuQ,http://stuq.nl/,Ludicity Blog - Ludicity,http://www.ludicity.nl/blog/,Ludicity About - Ludicity,http://www.ludicity.nl/about/,Front face
198,,0.975625,128.14203125,Stevo Slavić (sslavic) on Twitter,https://twitter.com/sslavic,David Linsin (dlinsin) on dotdotdot,https://www.dotdotdot.me/dlinsin,grandcentrix (grandcentrix) on Twitter,https://twitter.com/grandcentrix,David Linsin (dlinsin) on Twitter,https://twitter.com/dlinsin,Twitter / dlinsin: You can drag an image from ...,https://twitter.com/dlinsin/status/318964698198450176,Front face
199,,0.986875,125.41171875000001,How do I import the android.* libraries into my Processing project ...,http://forum.processing.org/topic/how-do-i-import-the-android-libraries-into-my-processing-project,Blur a shape - Processing Forum,http://forum.processing.org/topic/blur-a-shape,Vim - Mac - Project drawer like in TextMate,http://vim.1045645.n5.nabble.com/Project-drawer-like-in-TextMate-td1219929.html,matplotlib - users - Drawing a single contour line,http://matplotlib.1069221.n5.nabble.com/Drawing-a-single-contour-line-td10317.html,Add MATLAB-Like contourc · Issue #367 · matplotlib ... - GitHub,https://github.com/matplotlib/matplotlib/issues/367
200,,0.82359375,129.85484374999999,braintree (Braintree) · GitHub,https://github.com/braintree?tab=members,jtdowney (John Downey) · GitHub,https://github.com/jtdowney,jtdowney/hkdf · GitHub,https://github.com/jtdowney/hkdf,cmac | RubyGems.org | your community gem host,https://rubygems.org/gems/cmac,Webcast | Boilermaker Regional,http://regional.purduefirst.org/2013/03/13/2013-webcast/
202,edvard grieg,0.159375,129.23015624999999
203,,0.8553125,60.954999999999998,Quick way of creating a group chat / ad-hoc room – Help Center,http://help.hipchat.com/forums/138883-suggestions/suggestions/2758677-quick-way-of-creating-a-group-chat-ad-hoc-room,postal - GitHub,https://github.com/andrewdavey/postal/issues/46,Doesnt accept black as an initial color · Issue #23 · bgrins/spectrum ...,https://github.com/bgrins/spectrum/issues/23,Postal doesnt work with mailgun and postmarkapp · Issue #19 ...,https://github.com/andrewdavey/postal/issues/19,srkirkland/DataAnnotationsExtensions - GitHub,https://github.com/srkirkland/DataAnnotationsExtensions/issues/46,Front face
204,8 bit theater black mage,0.71171875,119.4440625
205,,0.61578125,87.693437500000002,Card Cover Images and Drag and Drop Attachments | Trello Blog,http://blog.trello.com/card-cover-images-and-drag-and-drop-attachments/,Reinder Brouwer | How to change “Licensed to” name for Visual ...,http://blog.brouwer.pro/2012/09/how-to-change-licensed-to-name-for-visual-studio-2012/,Mike Powell | LinkedIn,http://www.linkedin.com/pub/mike-powell/46/658/ab7,superuser.com Logo Vote « Blog – Stack Exchange,http://blog.stackoverflow.com/2009/06/superuser-com-logo-vote/,Unknown rock | Unknown Dog,http://bturnip.com/weblog/?p=1317,Front face
206,christopher t miller,0.91765625,51.364531249999999
207,,0.89265625,72.733750000000001,New log in not working with FireFox : General,http://discussions.flightaware.com/post139720.html,iPad mobile redirect stop? : General - FlightAware  Discussions,http://discussions.flightaware.com/post142232.html,Feature Requests and Ideas,http://discussions.flightaware.com/feature-requests/,jsulak (James Sulak) · GitHub,https://github.com/jsulak,Security issue with this site : General Aviation,http://discussions.flightaware.com/post138514.html,General,http://discussions.flightaware.com/general/,Javascript tips and tricks? : Feature Requests and Ideas,http://discussions.flightaware.com/post137473.html,Aviation  ,http://discussions.flightaware.com/aviation/,General Aviation,http://discussions.flightaware.com/general-aviation/,FlightAware  ,http://discussions.flightaware.com/flightaware/
208,,0.72296875,78.906093749999997,Casey Foster (caseywebdev) on Twitter,https://twitter.com/caseywebdev,brad dunbar (braddunbar) on Twitter,https://twitter.com/braddunbar,braddunbar (brad dunbar) · GitHub,https://github.com/braddunbar,Teenage Victory Songs › Miss Sweeney,http://tvs.soymilkrevolution.com/?p=311,Front face
209,vijay santhanam,0.74890625,67.849218750000006
210,,0.35875,1.16703125,pow - GitHub,https://github.com/37signals/pow/issues/172,adhoc_script | RubyGems.org | your community gem host,http://rubygems.org/gems/adhoc_script,route53web | RubyGems.org | your community gem host,https://rubygems.org/gems/route53web,auto_error | RubyGems.org | your community gem host,http://rubygems.org/gems/auto_error,ryanfunduk.com » About,http://ryanfunduk.com/
212,,0.96921875,51.662187500000002,Kanban as Cure for “Failed Iterations”? | xProgramming.com,http://xprogramming.com/blog/kanban-as-cure-for-failed-iterations/,Legends of the Precipitous Fall: Joe Charboneau ... - Lonely Tailgater,http://lonelytailgater.com/uncategorized/legends-of-the-precipitous-fall-joe-charboneau.html,World Cup ref curbs Americas soccer enthusiasm ... - Lonely Tailgater,http://lonelytailgater.com/uncategorized/world-cup-ref-curbs-americas-soccer-enthusiasm.html,"Three Rivers Institute » Blog Archive » Ease  at Work, the whole video",http://www.threeriversinstitute.org/blog/?p=205,Three Rivers Institute » Blog Archive » Coupling and Cohesion,http://www.threeriversinstitute.org/blog/?p=104
214,,1.0,144.30828124999999,Ok Buttons in Dialog Boxes Work Best on the Right - UX Movement,http://uxmovement.com/buttons/why-ok-buttons-in-dialog-boxes-work-best-on-the-right/,Twitter / tweetsbi: Its all fun until youre past ...,https://twitter.com/tweetsbi/status/259291749699174401,one-line tree in python - Gists - GitHub,https://gist.github.com/2012250,@gwenzilla/Family on Twitter,https://twitter.com/gwenzilla/family,aJanuary (aJanuary) on Twitter,https://twitter.com/aJanuary
219,,1.0,49.225937500000001,recursive operation · Issue #3 · clutchski/coffeelint · GitHub,https://github.com/clutchski/coffeelint/issues/3,Commit History · esbie/wsd · GitHub,https://github.com/esbie/wsd/commits/,Allow bin/coffeelint to accept a directory by ruddzw · Pull Request ...,https://github.com/clutchski/coffeelint/pull/10,Rudd Zwolinski (ruddzw) on Twitter,https://twitter.com/ruddzw,Commit History · esbie/ngrams · GitHub,https://github.com/esbie/ngrams/commits/
223,,0.826875,103.57609375,David Pokluda (dpokluda) on Twitter,https://twitter.com/dpokluda,Twitter / dpokluda: @AaronErickson Thanks a lot ...,https://twitter.com/dpokluda/status/65129609884213249,David Pokludas blog | Automating installations with PowerShell script,http://blog.pokluda.com/post/Automating-installations-with-PowerShell-script.aspx,David Pokluda | LinkedIn,http://www.linkedin.com/in/davidpokluda,Twitter / dpokluda: @TriFREAKS Very nice pictures ...,https://twitter.com/dpokluda/status/252964912693915649,Front face,Profile face
224,,0.9159375,75.578125,Portico update finally available to Lumia 920s from BUILD - WPCentral,http://www.wpcentral.com/portico-update-finally-available-lumia-920s-build,Nokia Lumia 920,http://forums.wpcentral.com/nokia-lumia-920/,Can not connect to wifi router after january firmware update ...,http://answers.microsoft.com/message/f07c906f-a7ce-4800-b7e1-cfe9df813c68?threadId=f680a6bb-39a0-4fd0-b446-f22d31b80127,Bricked developers conference device - Page 2 - Windows Phone ...,http://forums.wpcentral.com/nokia-lumia-920/209819-2.htm,C# alternative for the C++ STL setlt;Tgt - Verious,http://www.verious.com/qa/c-alternative-for-the-c-stl-set-lt-t-gt/,User vzczc - Stack Overflow,http://stackoverflow.com/users/224/vzczc,Front face
225,angel and devil icon,0.8575,0.0
227,,0.98703125,0.0,Party of Sin problem... :: Party of Sin General Discussions,http://steamcommunity.com/app/212700/discussions/0/846939854175597945/,Steam Community :: Group :: SG Unlucky Gifters of the Dice,http://steamcommunity.com/groups/Ihopeyouarenotfeelinglucky,Party Of Sin has stopped working.. :: Party of Sin General Discussions,http://steamcommunity.com/app/212700/discussions/0/864958451630535385/,Twitter / Ishmaeel: @Glympse New UI is looking ...,https://twitter.com/Ishmaeel/status/258488619222843392,Ishmaeel (Ishmaeel) on Twitter,https://twitter.com/Ishmaeel,Front face
230,blue sun,0.8740625,226.91390625
231,,0.20359375,13.426562499999999,What is the best way to do a flicker-free animated C# custom control ...,http://wh.runcode.us/q/what-is-the-best-way-to-do-a-flicker-free-animated-c-custom-control
232,,0.96296875,104.610625,.Net Form POST - RunCode,http://ne.runcode.us/q/net-form-post,VB6 error : Error accessing the system registry - RunCode,http://vb.runcode.us/q/vb6-error-error-accessing-the-system-registry,Front face
233,new zealand kiwi art,0.7971875,3.723125
234,ninja head,0.62515625,23.4996875
235,,0.77578125,81.309375000000003,Code Campfire: November 2009,http://codecampfire.blogspot.com/2009_11_01_archive.html,Code Campfire: Silent JDK Deployment on Windows,http://codecampfire.blogspot.com/2009/11/silent-jdk-deployment-on-windows.html,Blogger: User Profile: Joshua McKinnon,http://www.blogger.com/profile/07449570522421153119,Code Campfire: Ant DirectoryScanner memory problems with large ...,http://codecampfire.blogspot.com/2010/10/ant-directoryscanner-memory-problems.html,Code Campfire,http://codecampfire.blogspot.com/,Front face
237,,0.7196875,36.646875000000001,Li Ho | Facebook - Log In,https://www.facebook.com/yoliho,Gretchen Ho | Facebook,https://www.facebook.com/Gretch3n03,Zhang LI | Facebook - Log In,http://www.facebook.com/zhangli502,100 Most Influential Programming Books According to Stack Overflow,http://cspray.github.io/my.so-archive/100-most-influential-programming-books.html
242,revenge of the nerds nerds,0.90078125,140.76406249999999
243,tick animated series,0.999375,79.604843750000001
244,final fantasy 6 artwork,0.93828125,17.166718750000001
245,pepe the king prawn,0.99859375,78.454531250000002
246,buster arrested development,0.80078125,5.6648437500000002
247,,0.99796875,149.55375000000001,Blogs: Fresh Logic Studios,http://blogs.freshlogicstudios.com/,Update for mongocsharpdriver 1.2 by alanta · Pull Request #5 - GitHub,https://github.com/fres